{"cameraMode":{"drawMode":0,"name":"Shaded","section":"Shading Mode"},"sceneLighting":true,"audioPlay":false,"sceneViewState":{"m_AlwaysRefresh":false,"showFog":true,"showSkybox":true,"showFlares":true,"showImageEffects":true,"showParticleSystems":true,"showVisualEffectGraphs":true,"m_FxEnabled":true},"in2DMode":false,"pivot":{"x":417.62322998046877,"y":184.89266967773438,"z":53.341026306152347},"rotation":{"x":-0.0059792157262563709,"y":0.0838928073644638,"z":-0.0005017308867536485,"w":-0.9964625835418701},"size":248.0904083251953,"orthographic":true}